Category,Caption
adventure,Let's find some beautiful place to get lost.
adventure,Life is short. Take the scenic route.
adventure,Exploring the world one adventure at a time.
adventure,Exploring the unknown.
adventure,"Embrace the journey, not the destination."
adventure,Let's find some beautiful place to get lost.
adventure,Create your own sunshine on a rainy day.
adventure,"Wander often, wonder always. "
adventure,"Into the wild we go, where nature becomes our companion."
adventure,"Exploring the world, one passport stamp at a time."
art and music,Immersed in the world of colors and creativity.
art and music,"Lost in the melody, found in the rhythm."
art and music,"Where words leave off, music begins."
art and music,"Brushing off the ordinary, painting in the extraordinary."
art and music,Creativity is intelligence having fun.
art and music,"In the studio, where magic happens."
art and music,"When words can't express, art and music can."
art and music,Concert vibes and gallery lights.
art and music,"Creating my masterpiece, one note at a time."
art and music,Finding beauty in every brushstroke.
food,Creating flavors that dance on the taste buds
food,The perfect blend of flavors in every bite.
food,"Live life to the fullest, and focus on the positive."
food,Create your sunshine.
food,"Just me, myself, and I."
food,"Take only memories, leave only footprints."
food,"When nothing goes right, go left."
food,Besties for the resties.
food,Do more things that make you forget to check your phone.
food,Your only limit is you.
history,Every corner tells a story.
history,In the footsteps of the past.
history,Discovering the echoes of the past.
history,Lost in the annals of time.
history,Time travel in progress.
history,Life is short. Smile while you still have teeth.
history,Where history comes to life.
history,Learning from the lessons of the past.
history,A journey back in time through memories.
history,Where every corner holds a piece of yesterday.
manufacturing,From raw materials to the finished masterpiece.
manufacturing,"Crafting dreams, one step at a time."
manufacturing,Where ideas come to life on the production line
manufacturing,Innovation at its finest.
manufacturing,Quality you can see and feel.
manufacturing,Peek behind the curtain of creation.
manufacturing,"From concept to reality, every step matters."
manufacturing,Where creativity and craftsmanship converge.
manufacturing,Where every detail is a testament to our dedication.
manufacturing,"Every product, a piece of our heart."
nature,Where the wild things are.
nature,Exploring the great outdoors.
nature,Epic views and open skies.
nature,Rooted in the beauty of the earth.
nature,Embracing the magic of each season.
nature,Exploring untamed landscapes.
nature,Celebrating the diversity of flora and fauna.
nature,The magic hour in nature's theater.
nature,Lost in the beauty of places untouched by time.
nature,Every creature has a role in the grand theater of nature.
science and technology,"Embracing the future, one innovation at a time."
science and technology,"Where curiosity meets creativity, innovation happens."
science and technology,Exploring the frontiers of science and unlocking the doors to tomorrow.
science and technology,Diving into virtual realms and exploring alternate realities.
science and technology,"In a world of bits and bytes, finding patterns in the chaos."
science and technology,Building tomorrow's world with the tools of today.
science and technology,"In a world of screens, creating our own digital masterpieces."
science and technology,Space explorers in a universe of endless possibilities.
science and technology,"In a world of possibilities, technology paves the way for endless innovation."
science and technology,Future vibes: where imagination meets innovation.
sports,"In the arena of dreams, every play is a story."
sports,Teamwork makes the dream work on and off the field.
sports,"Sweat, sacrifice, and the pursuit of greatness."
sports,"In the game of life, sportsmanship is the real MVP."
sports,"Competing with class, winning with grace."
sports,Chasing dreams and proving doubters wrong – the underdog's journey.
sports,Building a legacy that transcends the game.
sports,"United we stand, divided we fall."
sports,Living for those triumphant moments on and off the field. 
sports,"Win or lose, always leave it all on the field. "
travel,"Collect moments, not things."
travel,Memories made in places that take your breath away
travel,A passport full of stamps is a storybook of adventures.
travel,"Wander often, remember always. Every journey leaves its own footprint on the heart."
travel,"Creating a tapestry of memories, one destination at a time. "
travel,Reminiscing about the places my heart has been and the memories it holds. 
travel,The best souvenirs are the memories we make along the way.
travel,Collecting memories like seashells – each one unique and treasured. 
travel,"Collecting souvenirs of the heart, one journey at a time."
travel,A pocket full of memories from places that stole my heart.
